Suite/Test/Step Name,Browser,Description,Tag,Start time,End time,Duration,Status
TC_Logout_test listener_TS,Chrome 121.0.0.0,,,09-02-2024 23:53:08,09-02-2024 23:53:40,32.323s,PASSED
,,,,,,,
Test Cases/Logout_test listener/TC_Logout_test listener,Chrome 121.0.0.0,,,09-02-2024 23:53:14,09-02-2024 23:53:40,26.038s,PASSED
Start listener action : sampleBeforeTestCase,Chrome 121.0.0.0,,,09-02-2024 23:53:14,09-02-2024 23:53:29,14.853s,PASSED
"click(findTestObject(""TC_logout_test listener_OR/Page_Facebook/span_x4k7w5x x1h91t0o x1h9r5lt x1jfb8zj xv2_c8d3b2""))",Chrome 121.0.0.0,,,09-02-2024 23:53:29,09-02-2024 23:53:37,8.435s,PASSED
"click(findTestObject(""Object Repository/TC_logout_test listener_OR/Page_Facebook/span_Log out""))",Chrome 121.0.0.0,,,09-02-2024 23:53:37,09-02-2024 23:53:38,0.668s,PASSED
Start listener action : sampleAfterTestCase,Chrome 121.0.0.0,,,09-02-2024 23:53:38,09-02-2024 23:53:40,1.943s,ERROR
